Row ID,Order ID,Order Date,Ship Date,Ship Mode,Customer ID,Customer Name,Segment,City,State,Region,Product ID,Category,Sub-Category,Product Name,Sales,Quantity,Discount,Profit
1,CA-2016-152156,2016-11-08,2016-11-11,Second Class,CG-12520,Claire Gute,Consumer,Henderson,Kentucky,South,FUR-BO-10001798,Furniture,Bookcases,Bush Somerset Collection Bookcase,261.96,2,0.0,41.9136
2,CA-2016-152156,2016-11-08,2016-11-11,Second Class,CG-12520,Claire Gute,Consumer,Henderson,Kentucky,South,FUR-CH-10000454,Furniture,Chairs,Hon Deluxe Fabric Upholstered Stacking Chairs,731.94,3,0.0,219.582
3,CA-2016-138688,2016-06-12,2016-06-16,Second Class,DV-13045,Darrin Van Huff,Corporate,Los Angeles,California,West,OFF-LA-10000240,Office Supplies,Labels,Self-Adhesive Address Labels for Typewriters by Universal,14.62,2,0.0,6.8714
4,US-2015-108966,2015-10-11,2015-10-18,Standard Class,SO-20335,Sean O'Donnell,Consumer,Fort Lauderdale,Florida,South,FUR-TA-10000577,Furniture,Tables,Bretford CR4500 Series Slim Rectangular Table,957.5775,5,0.45,-383.031
5,US-2015-108966,2015-10-11,2015-10-18,Standard Class,SO-20335,Sean O'Donnell,Consumer,Fort Lauderdale,Florida,South,OFF-ST-10000760,Office Supplies,Storage,Eldon Fold 'N Roll Cart System,22.368,2,0.2,2.5164
6,CA-2014-115812,2014-06-09,2014-06-14,Standard Class,BH-11710,Brosina Hoffman,Consumer,Los Angeles,California,West,FUR-FU-10001487,Furniture,Furnishings,"Eldon Expressions Wood and Plastic Desk Accessories, Cherry Wood",48.86,7,0.0,14.1694
7,CA-2014-115812,2014-06-09,2014-06-14,Standard Class,BH-11710,Brosina Hoffman,Consumer,Los Angeles,California,West,OFF-AR-10002833,Office Supplies,Art,Newell 322,7.28,4,0.0,1.9656
8,CA-2014-115812,2014-06-09,2014-06-14,Standard Class,BH-11710,Brosina Hoffman,Consumer,Los Angeles,California,West,TEC-PH-10002275,Technology,Phones,Mitel 5320 IP Phone VoIP phone,907.152,6,0.2,90.7152
9,CA-2014-115812,2014-06-09,2014-06-14,Standard Class,BH-11710,Brosina Hoffman,Consumer,Los Angeles,California,West,OFF-BI-10003910,Office Supplies,Binders,DXL Angle-View Binders with Locking Rings,18.504,3,0.2,5.7825
10,CA-2014-115812,2014-06-09,2014-06-14,Standard Class,BH-11710,Brosina Hoffman,Consumer,Los Angeles,California,West,OFF-AP-10002892,Office Supplies,Appliances,Belkin F5C206VTEL 6 Outlet Surge,114.9,5,0.0,34.47
11,CA-2014-115812,2014-06-09,2014-06-14,Standard Class,BH-11710,Brosina Hoffman,Consumer,Los Angeles,California,West,FUR-TA-10001539,Furniture,Tables,Chromcraft Rectangular Conference Tables,1706.184,9,0.2,85.3092
12,CA-2014-115812,2014-06-09,2014-06-14,Standard Class,BH-11710,Brosina Hoffman,Consumer,Los Angeles,California,West,TEC-PH-10002033,Technology,Phones,Konftel 250 Conference phone - Charcoal black,911.424,4,0.2,68.3568
13,CA-2017-114412,2017-04-15,2017-04-20,Standard Class,AA-10480,Andrew Allen,Consumer,Concord,North Carolina,South,OFF-PA-10002365,Office Supplies,Paper,Xerox 1967,15.552,3,0.2,5.4432
14,CA-2016-161389,2016-12-05,2016-12-10,Standard Class,IM-15070,Irene Maddox,Consumer,Seattle,Washington,West,OFF-BI-10003656,Office Supplies,Binders,Fellowes PB200 Plastic Comb Binding Machine,407.976,3,0.2,132.5922
15,US-2015-118983,2015-11-22,2015-11-26,Standard Class,HP-14815,Harold Pawlan,Home Office,Fort Worth,Texas,Central,OFF-AP-10002311,Office Supplies,Appliances,"Holmes Replacement Filter for HEPA Air Cleaner, Very Large Room, HEPA Filter",68.81,5,0.8,-123.858
16,US-2015-118983,2015-11-22,2015-11-26,Standard Class,HP-14815,Harold Pawlan,Home Office,Fort Worth,Texas,Central,OFF-BI-10000756,Office Supplies,Binders,Storex DuraTech Recycled Plastic Frosted Binders,2.544,3,0.8,-3.816
17,CA-2014-105893,2014-11-11,2014-11-18,Standard Class,PK-19075,Pete Kriz,Consumer,Madison,Wisconsin,Central,OFF-ST-10004186,Office Supplies,Storage,Stur-D-Stor Shelving Vertical 5-Shelf,665.88,6,0.0,13.3176
18,CA-2014-167164,2014-05-13,2014-05-15,Second Class,AG-10270,Alejandro Grove,Consumer,West Jordan,Utah,West,OFF-ST-10000107,Office Supplies,Storage,Fellowes Super Stor/Drawer,55.5,2,0.0,9.99
19,CA-2014-143336,2014-08-27,2014-09-01,Second Class,ZD-21925,Zuschuss Donatelli,Consumer,San Francisco,California,West,OFF-AR-10003056,Office Supplies,Art,Newell 341,8.56,2,0.0,2.4824
20,CA-2014-143336,2014-08-27,2014-09-01,Second Class,ZD-21925,Zuschuss Donatelli,Consumer,San Francisco,California,West,TEC-PH-10001949,Technology,Phones,Cisco SPA 501G IP Phone,213.48,3,0.2,16.011
21,CA-2014-143336,2014-08-27,2014-09-01,Second Class,ZD-21925,Zuschuss Donatelli,Consumer,San Francisco,California,West,OFF-BI-10002215,Office Supplies,Binders,Wilson Jones Hanging View Binder White,22.72,4,0.2,7.384
22,CA-2016-137330,2016-12-09,2016-12-13,Standard Class,KB-16585,Ken Black,Corporate,Fremont,Nebraska,Central,OFF-AR-10000246,Office Supplies,Art,Newell 318,19.46,7,0.0,5.0596
23,CA-2016-137330,2016-12-09,2016-12-13,Standard Class,KB-16585,Ken Black,Corporate,Fremont,Nebraska,Central,OFF-AP-10001492,Office Supplies,Appliances,Acco Six-Outlet Power Strip 4ft Cord,60.34,7,0.0,15.6884
24,US-2017-156909,2017-07-16,2017-07-18,Second Class,SF-20065,Sandra Flanagan,Consumer,Philadelphia,Pennsylvania,East,FUR-CH-10002774,Furniture,Chairs,Global Deluxe Stacking Chair Gray,71.372,2,0.3,-1.0196
25,CA-2015-106320,2015-09-25,2015-09-30,Standard Class,EB-13870,Emily Burns,Consumer,Orem,Utah,West,FUR-TA-10000577,Furniture,Tables,Bretford CR4500 Series Slim Rectangular Table,1044.63,3,0.0,240.2649
26,CA-2016-121755,2016-01-16,2016-01-20,Second Class,EH-13945,Eric Hoffmann,Consumer,Los Angeles,California,West,OFF-BI-10001634,Office Supplies,Binders,Wilson Jones Active Use Binders,11.648,2,0.2,4.2224
27,CA-2016-121755,2016-01-16,2016-01-20,Second Class,EH-13945,Eric Hoffmann,Consumer,Los Angeles,California,West,TEC-AC-10003027,Technology,Accessories,Imation 8GB Mini TravelDrive USB 2.0 Flash Drive,90.57,3,0.0,11.7741
28,US-2015-150630,2015-09-17,2015-09-21,Standard Class,TB-21520,Tracy Blumstein,Consumer,Jackson,Michigan,Central,FUR-BO-10004834,Furniture,Bookcases,Riverside Palais Royal Lawyers Bookcase,3083.43,7,0.5,-1665.0522
29,US-2015-150630,2015-09-17,2015-09-21,Standard Class,TB-21520,Tracy Blumstein,Consumer,Jackson,Michigan,Central,OFF-BI-10000474,Office Supplies,Binders,Avery Recycled Flexi-View Covers,9.618,2,0.7,-7.0532
30,US-2015-150630,2015-09-17,2015-09-21,Standard Class,TB-21520,Tracy Blumstein,Consumer,Jackson,Michigan,Central,FUR-FU-10004848,Furniture,Furnishings,Howard Miller Brushed Chrome Round Wall Clock,124.2,3,0.2,15.525
31,US-2015-150630,2015-09-17,2015-09-21,Standard Class,TB-21520,Tracy Blumstein,Consumer,Jackson,Michigan,Central,OFF-EN-10001509,Office Supplies,Envelopes,Poly String Tie Envelopes,3.264,2,0.2,1.1016
32,US-2015-150630,2015-09-17,2015-09-21,Standard Class,TB-21520,Tracy Blumstein,Consumer,Jackson,Michigan,Central,OFF-AR-10004042,Office Supplies,Art,BOSTON Model 1800 Electric Pencil Sharpeners,86.304,6,0.2,9.7092
33,US-2015-150630,2015-09-17,2015-09-21,Standard Class,TB-21520,Tracy Blumstein,Consumer,Jackson,Michigan,Central,OFF-BI-10001525,Office Supplies,Binders,Acco Pressboard Covers with Storage Hooks,6.858,6,0.7,-5.715
34,US-2015-150630,2015-09-17,2015-09-21,Standard Class,TB-21520,Tracy Blumstein,Consumer,Jackson,Michigan,Central,OFF-AR-10001683,Office Supplies,Art,Lumber Crayons,15.76,2,0.2,3.546
35,CA-2017-107727,2017-10-19,2017-10-23,Second Class,MA-17560,Matt Abelman,Home Office,Houston,Texas,Central,OFF-PA-10000249,Office Supplies,Paper,Easy-staple paper,29.472,3,0.2,9.9468
36,CA-2016-117590,2016-12-08,2016-12-10,First Class,GH-14485,Gene Hale,Corporate,Richardson,Texas,Central,TEC-PH-10004977,Technology,Phones,GE 30524EE4,1097.544,7,0.2,123.4737
37,CA-2016-117590,2016-12-08,2016-12-10,First Class,GH-14485,Gene Hale,Corporate,Richardson,Texas,Central,FUR-FU-10003664,Furniture,Furnishings,Electrix Architects Clamp-On Swing Arm Lamp,190.92,5,0.6,-147.963
38,CA-2015-117415,2015-12-27,2015-12-31,Standard Class,SN-20710,Steve Nguyen,Home Office,Houston,Texas,Central,OFF-EN-10002986,Office Supplies,Envelopes,Premium Diagonal Seam Envelopes,113.328,9,0.2,35.415
39,CA-2015-117415,2015-12-27,2015-12-31,Standard Class,SN-20710,Steve Nguyen,Home Office,Houston,Texas,Central,FUR-BO-10002545,Furniture,Bookcases,Atlantic Metals Mobile 3-Shelf Bookcases,532.3992,3,0.32,-46.9764
40,CA-2015-117415,2015-12-27,2015-12-31,Standard Class,SN-20710,Steve Nguyen,Home Office,Houston,Texas,Central,FUR-CH-10004218,Furniture,Chairs,Global Fabric Managers Chair Dark Gray,212.058,3,0.3,-15.147
41,CA-2015-117415,2015-12-27,2015-12-31,Standard Class,SN-20710,Steve Nguyen,Home Office,Houston,Texas,Central,TEC-PH-10000486,Technology,Phones,Plantronics HL10 Handset Lifter,371.168,4,0.2,41.7564
42,CA-2017-120999,2017-09-10,2017-09-15,Standard Class,LC-16930,Linda Cazamias,Corporate,Naperville,Illinois,Central,TEC-PH-10004093,Technology,Phones,Panasonic Kx-TS550,147.168,4,0.2,16.5564
43,CA-2016-101343,2016-07-17,2016-07-22,Standard Class,RA-19885,Ruben Ausman,Corporate,Los Angeles,California,West,OFF-ST-10003479,Office Supplies,Storage,Eldon Base for stackable storage shelf,77.88,2,0.0,3.894
44,CA-2017-139619,2017-09-19,2017-09-23,Standard Class,ES-14080,Erin Smith,Corporate,Melbourne,Florida,South,OFF-ST-10003282,Office Supplies,Storage,Advantus 10-Drawer Portable Organizer,95.616,2,0.2,9.5616
45,CA-2016-118255,2016-03-11,2016-03-13,First Class,ON-18715,Odella Nelson,Corporate,Eagan,Minnesota,Central,TEC-AC-10000171,Technology,Accessories,Verbatim 25 GB 6x Blu-ray Disc 25 Pack,45.98,2,0.0,19.7714
46,CA-2016-118255,2016-03-11,2016-03-13,First Class,ON-18715,Odella Nelson,Corporate,Eagan,Minnesota,Central,OFF-BI-10003291,Office Supplies,Binders,Wilson Jones Leather-Like Binders,17.46,2,0.0,8.2062
47,CA-2014-146703,2014-10-20,2014-10-25,Second Class,PO-18865,Patrick O'Donnell,Consumer,Columbia,South Carolina,South,OFF-ST-10001713,Office Supplies,Storage,Gould Plastics 9-Pocket Panel Bin,211.96,4,0.0,8.4784
48,CA-2016-169194,2016-06-20,2016-06-25,Standard Class,LH-16900,Lena Hernandez,Consumer,Dover,Delaware,East,TEC-AC-10002167,Technology,Accessories,Imation 8gb Micro Traveldrive USB 2.0,45.0,3,0.0,4.95
49,CA-2016-169194,2016-06-20,2016-06-25,Standard Class,LH-16900,Lena Hernandez,Consumer,Dover,Delaware,East,TEC-PH-10003988,Technology,Phones,LF Elite 3D Dazzle Designer Hard Case Cover,21.8,2,0.0,6.104
50,CA-2015-115742,2015-04-18,2015-04-22,Standard Class,DP-13000,Darren Powers,Consumer,New Albany,Indiana,Central,OFF-BI-10004410,Office Supplies,Binders,C-Line Peel and Stick Add-On Filing Pockets,38.22,6,0.0,17.9634
51,CA-2015-115742,2015-04-18,2015-04-22,Standard Class,DP-13000,Darren Powers,Consumer,New Albany,Indiana,Central,OFF-LA-10002762,Office Supplies,Labels,Avery 485,75.18,6,0.0,35.3346
52,CA-2015-115742,2015-04-18,2015-04-22,Standard Class,DP-13000,Darren Powers,Consumer,New Albany,Indiana,Central,FUR-FU-10001706,Furniture,Furnishings,Longer-Life Soft White Bulbs,6.16,2,0.0,2.9568
53,CA-2015-115742,2015-04-18,2015-04-22,Standard Class,DP-13000,Darren Powers,Consumer,New Albany,Indiana,Central,FUR-CH-10003061,Furniture,Chairs,Global Leather Task Chair Black,89.99,1,0.0,17.0981
54,CA-2016-105816,2016-12-11,2016-12-17,Standard Class,JM-15265,Janet Molinari,Corporate,New York City,New York,East,OFF-FA-10000304,Office Supplies,Fasteners,Advantus Push Pins,15.26,7,0.0,6.2566
55,CA-2016-105816,2016-12-11,2016-12-17,Standard Class,JM-15265,Janet Molinari,Corporate,New York City,New York,East,TEC-PH-10002447,Technology,Phones,AT&T CL83451 4-Handset Telephone,1029.95,5,0.0,298.6855
56,CA-2016-111682,2016-06-17,2016-06-18,First Class,TB-21055,Ted Butterfield,Consumer,Troy,New York,East,OFF-ST-10000604,Office Supplies,Storage,Home Office Personal File Carts,208.56,6,0.0,52.14
57,CA-2016-111682,2016-06-17,2016-06-18,First Class,TB-21055,Ted Butterfield,Consumer,Troy,New York,East,OFF-PA-10001569,Office Supplies,Paper,Xerox 232,32.4,5,0.0,15.552
58,CA-2016-111682,2016-06-17,2016-06-18,First Class,TB-21055,Ted Butterfield,Consumer,Troy,New York,East,FUR-CH-10003968,Furniture,Chairs,Novimex Turbo Task Chair,319.41,5,0.1,7.098
59,CA-2016-111682,2016-06-17,2016-06-18,First Class,TB-21055,Ted Butterfield,Consumer,Troy,New York,East,OFF-PA-10000587,Office Supplies,Paper,Array Parchment Paper Assorted Colors,14.56,2,0.0,6.9888
60,CA-2016-111682,2016-06-17,2016-06-18,First Class,TB-21055,Ted Butterfield,Consumer,Troy,New York,East,TEC-AC-10002167,Technology,Accessories,Imation 8gb Micro Traveldrive USB 2.0,30.0,2,0.0,3.3
61,CA-2016-111682,2016-06-17,2016-06-18,First Class,TB-21055,Ted Butterfield,Consumer,Troy,New York,East,OFF-BI-10001460,Office Supplies,Binders,Plastic Binding Combs,48.48,4,0.2,16.362
62,CA-2016-111682,2016-06-17,2016-06-18,First Class,TB-21055,Ted Butterfield,Consumer,Troy,New York,East,OFF-AR-10001868,Office Supplies,Art,Prang Dustless Chalk Sticks,1.68,1,0.0,0.84
63,CA-2015-135545,2015-11-24,2015-11-30,Standard Class,KM-16720,Kunst Miller,Consumer,Los Angeles,California,West,TEC-AC-10004633,Technology,Accessories,Verbatim 25 GB 6x Blu-ray Disc 3 Pack,13.98,2,0.0,6.1512
64,CA-2015-135545,2015-11-24,2015-11-30,Standard Class,KM-16720,Kunst Miller,Consumer,Los Angeles,California,West,OFF-BI-10001078,Office Supplies,Binders,Acco PRESSTEX Data Binder with Storage Hooks,25.824,6,0.2,9.3612
65,CA-2015-135545,2015-11-24,2015-11-30,Standard Class,KM-16720,Kunst Miller,Consumer,Los Angeles,California,West,OFF-PA-10003892,Office Supplies,Paper,Xerox 1943,146.73,3,0.0,68.9631
66,CA-2015-135545,2015-11-24,2015-11-30,Standard Class,KM-16720,Kunst Miller,Consumer,Los Angeles,California,West,FUR-FU-10000397,Furniture,Furnishings,Luxo Economy Swing Arm Lamp,79.76,4,0.0,22.3328
67,US-2015-164175,2015-04-30,2015-05-05,Standard Class,PS-18970,Paul Stevenson,Home Office,Chicago,Illinois,Central,FUR-CH-10001146,Furniture,Chairs,Global Task Chair Black,213.115,5,0.3,-15.2225
68,CA-2014-106376,2014-12-05,2014-12-10,Standard Class,BS-11590,Brendan Sweed,Corporate,Gilbert,Arizona,West,OFF-AR-10002671,Office Supplies,Art,Hunt BOSTON High-Volume Electric Pencil Sharpener,1113.024,8,0.2,111.3024
69,CA-2014-106376,2014-12-05,2014-12-10,Standard Class,BS-11590,Brendan Sweed,Corporate,Gilbert,Arizona,West,TEC-PH-10002726,Technology,Phones,netTALK DUO VoIP Telephone Service,167.968,4,0.2,62.988
70,CA-2016-119823,2016-06-04,2016-06-06,First Class,KD-16270,Karen Daniels,Consumer,Springfield,Virginia,South,OFF-PA-10000482,Office Supplies,Paper,Snap-A-Way Black Print Carbonless Speed Letter,75.88,2,0.0,35.6636
71,CA-2016-106075,2016-09-18,2016-09-23,Standard Class,HM-14980,Henry MacAllister,Consumer,New York City,New York,East,OFF-BI-10004654,Office Supplies,Binders,Avery Binding System Hidden Tab Index Sets,4.616,1,0.2,1.731
72,CA-2017-114440,2017-09-14,2017-09-17,Second Class,TB-21520,Tracy Blumstein,Consumer,Jackson,Michigan,Central,OFF-PA-10004675,Office Supplies,Paper,Telephone Message Books with Fax Section,19.05,3,0.0,8.763
73,US-2015-134026,2015-04-26,2015-05-02,Standard Class,JE-15745,Joel Eaton,Consumer,Newark,Ohio,East,FUR-CH-10000513,Furniture,Chairs,High-Back Leather Managers Chair,831.936,8,0.2,-114.3912
74,US-2015-134026,2015-04-26,2015-05-02,Standard Class,JE-15745,Joel Eaton,Consumer,Newark,Ohio,East,FUR-FU-10003708,Furniture,Furnishings,Tenex Traditional Chairmats for Medium Pile Carpet,97.04,2,0.2,1.213
75,US-2015-134026,2015-04-26,2015-05-02,Standard Class,JE-15745,Joel Eaton,Consumer,Newark,Ohio,East,OFF-ST-10004123,Office Supplies,Storage,Safco Industrial Wire Shelving System,72.784,1,0.2,-18.196
76,US-2017-118038,2017-12-09,2017-12-11,First Class,KB-16600,Ken Brennan,Corporate,Houston,Texas,Central,OFF-BI-10004182,Office Supplies,Binders,Economy Binders,1.248,3,0.8,-1.9344
77,US-2017-118038,2017-12-09,2017-12-11,First Class,KB-16600,Ken Brennan,Corporate,Houston,Texas,Central,FUR-FU-10000260,Furniture,Furnishings,6 inch Cubicle Wall Clock Black,9.708,3,0.6,-5.8248
78,US-2017-118038,2017-12-09,2017-12-11,First Class,KB-16600,Ken Brennan,Corporate,Houston,Texas,Central,OFF-ST-10000615,Office Supplies,Storage,SimpliFile Personal File Black Granite,27.24,3,0.2,2.724
79,US-2014-147606,2014-11-26,2014-12-01,Second Class,JE-15745,Joel Eaton,Consumer,Newark,Ohio,East,FUR-FU-10003194,Furniture,Furnishings,Eldon Expressions Wood Pencil Holder Oak,19.3,5,0.6,-14.475
80,CA-2016-127208,2016-06-12,2016-06-15,First Class,SC-20770,Stewart Carmichael,Corporate,Decatur,Alabama,South,OFF-AP-10002118,Office Supplies,Appliances,1.7 Cubic Foot Compact Cube Office Refrigerators,208.16,1,0.0,56.2032
81,CA-2016-127208,2016-06-12,2016-06-15,First Class,SC-20770,Stewart Carmichael,Corporate,Decatur,Alabama,South,OFF-BI-10002309,Office Supplies,Binders,Avery Heavy-Duty EZD Binder With Locking Rings,16.74,3,0.0,8.0352
82,CA-2014-139451,2014-10-12,2014-10-16,Standard Class,DN-13690,Duane Noonan,Consumer,San Francisco,California,West,OFF-AR-10002053,Office Supplies,Art,Premium Writing Pencils Soft,14.9,5,0.0,4.172
83,CA-2014-139451,2014-10-12,2014-10-16,Standard Class,DN-13690,Duane Noonan,Consumer,San Francisco,California,West,OFF-ST-10002370,Office Supplies,Storage,Sortfiler Multipurpose Personal File Organizer,21.39,1,0.0,6.2031
84,CA-2015-149734,2015-09-03,2015-09-08,Standard Class,JC-16105,Julie Creighton,Corporate,Durham,North Carolina,South,OFF-EN-10000927,Office Supplies,Envelopes,Jet-Pak Recycled Peel N Seal Padded Mailers,200.984,7,0.2,62.8075
85,US-2017-119662,2017-11-13,2017-11-16,First Class,CS-12400,Christopher Schild,Home Office,Chicago,Illinois,Central,OFF-ST-10003656,Office Supplies,Storage,Safco Industrial Wire Shelving,230.376,3,0.2,-48.9549
86,CA-2017-140088,2017-05-28,2017-05-30,Second Class,PO-18865,Patrick O'Donnell,Consumer,Columbia,South Carolina,South,FUR-CH-10000863,Furniture,Chairs,Novimex Swivel Fabric Task Chair,301.96,2,0.0,33.2156
87,CA-2017-155558,2017-10-26,2017-11-02,Standard Class,PG-18895,Paul Gonzalez,Consumer,Rochester,Minnesota,Central,TEC-AC-10001998,Technology,Accessories,Logitech LS21 Speaker System,19.99,1,0.0,6.7966
88,CA-2017-155558,2017-10-26,2017-11-02,Standard Class,PG-18895,Paul Gonzalez,Consumer,Rochester,Minnesota,Central,OFF-LA-10000134,Office Supplies,Labels,Avery 511,6.16,2,0.0,2.9568
89,CA-2016-159695,2016-04-05,2016-04-10,Second Class,GM-14455,Gary Mitchum,Home Office,Houston,Texas,Central,OFF-ST-10003442,Office Supplies,Storage,Eldon Portable Mobile Manager,158.368,7,0.2,13.8572
90,CA-2016-109806,2016-09-17,2016-09-22,Standard Class,JS-15685,Jim Sink,Corporate,Los Angeles,California,West,OFF-AR-10004930,Office Supplies,Art,Turquoise Lead Holder with Pocket Clip,20.1,3,0.0,6.633
91,CA-2016-109806,2016-09-17,2016-09-22,Standard Class,JS-15685,Jim Sink,Corporate,Los Angeles,California,West,TEC-PH-10004093,Technology,Phones,Panasonic Kx-TS550,73.584,2,0.2,8.2782
92,CA-2016-109806,2016-09-17,2016-09-22,Standard Class,JS-15685,Jim Sink,Corporate,Los Angeles,California,West,OFF-PA-10000304,Office Supplies,Paper,Xerox 1995,6.48,1,0.0,3.1104
93,CA-2015-149587,2015-01-31,2015-02-05,Second Class,KB-16315,Karl Braun,Consumer,Minneapolis,Minnesota,Central,OFF-PA-10003177,Office Supplies,Paper,Xerox 1999,12.96,2,0.0,6.2208
94,CA-2015-149587,2015-01-31,2015-02-05,Second Class,KB-16315,Karl Braun,Consumer,Minneapolis,Minnesota,Central,FUR-FU-10003799,Furniture,Furnishings,Seth Thomas Wall Clock,53.34,3,0.0,16.5354
95,CA-2015-149587,2015-01-31,2015-02-05,Second Class,KB-16315,Karl Braun,Consumer,Minneapolis,Minnesota,Central,OFF-BI-10002852,Office Supplies,Binders,Ibico Standard Transparent Covers,32.96,2,0.0,16.1504
96,US-2017-109484,2017-11-06,2017-11-12,Standard Class,RB-19705,Roger Barcio,Home Office,Portland,Oregon,West,OFF-BI-10004738,Office Supplies,Binders,Flexible Leather Look Classic Ring Binder,5.682,1,0.7,-3.788
97,CA-2017-161018,2017-11-09,2017-11-11,Second Class,PN-18775,Parhena Norris,Home Office,New York City,New York,East,FUR-FU-10000629,Furniture,Furnishings,Round Wall Clock,96.53,7,0.0,40.5426
98,CA-2017-157833,2017-06-17,2017-06-20,First Class,KD-16345,Katherine Ducich,Consumer,San Francisco,California,West,OFF-BI-10001721,Office Supplies,Binders,Trimflex Flexible Post Binders,51.312,3,0.2,17.9592
99,CA-2016-149223,2016-09-06,2016-09-11,Standard Class,ER-13855,Elpida Rittenbach,Corporate,Saint Paul,Minnesota,Central,OFF-AP-10000358,Office Supplies,Appliances,Fellowes Basic Home Office Surge Protectors,77.88,6,0.0,22.5852
100,CA-2016-158568,2016-08-29,2016-09-02,Standard Class,RB-19465,Rick Bensley,Home Office,Chicago,Illinois,Central,OFF-PA-10003256,Office Supplies,Paper,Avery Personal Creations Heavyweight Cards,64.624,7,0.2,22.6184
101,CA-2016-158568,2016-08-29,2016-09-02,Standard Class,RB-19465,Rick Bensley,Home Office,Chicago,Illinois,Central,TEC-AC-10001767,Technology,Accessories,SanDisk Ultra 64 GB MicroSDHC Memory Card,95.976,3,0.2,-10.7973
102,CA-2016-158568,2016-08-29,2016-09-02,Standard Class,RB-19465,Rick Bensley,Home Office,Chicago,Illinois,Central,OFF-BI-10002609,Office Supplies,Binders,Avery Hidden Tab Dividers,1.788,3,0.8,-3.0396
103,CA-2016-129903,2016-12-01,2016-12-04,Second Class,GZ-14470,Gary Zandusky,Consumer,Rochester,Minnesota,Central,OFF-PA-10004040,Office Supplies,Paper,Universal Premium White Copier Paper,23.92,4,0.0,11.7208
104,US-2015-156867,2015-11-13,2015-11-17,Standard Class,LC-16870,Lena Cacioppo,Consumer,Aurora,Colorado,West,TEC-AC-10001552,Technology,Accessories,Logitech K350 Wireless Keyboard,238.896,6,0.2,-26.8758
105,US-2015-156867,2015-11-13,2015-11-17,Standard Class,LC-16870,Lena Cacioppo,Consumer,Aurora,Colorado,West,FUR-FU-10004006,Furniture,Furnishings,Deflect-o DuraMat Lightweight Mat,102.36,3,0.2,-3.8385
106,US-2015-156867,2015-11-13,2015-11-17,Standard Class,LC-16870,Lena Cacioppo,Consumer,Aurora,Colorado,West,OFF-BI-10002794,Office Supplies,Binders,Avery Trapezoid Ring Binder 3 inch,36.882,3,0.7,-25.8174
107,CA-2017-119004,2017-11-23,2017-11-28,Standard Class,JM-15250,Janet Martin,Consumer,Charlotte,North Carolina,South,TEC-AC-10003499,Technology,Accessories,Memorex Mini Travel Drive 8 GB,74.112,8,0.2,17.6016
108,CA-2017-119004,2017-11-23,2017-11-28,Standard Class,JM-15250,Janet Martin,Consumer,Charlotte,North Carolina,South,TEC-PH-10002844,Technology,Phones,Speck Products Candyshell Flip Case,27.992,1,0.2,2.0994
109,CA-2017-119004,2017-11-23,2017-11-28,Standard Class,JM-15250,Janet Martin,Consumer,Charlotte,North Carolina,South,OFF-AR-10000390,Office Supplies,Art,Newell Chalk Holder,3.304,1,0.2,1.0738
110,CA-2015-129476,2015-10-15,2015-10-20,Standard Class,PA-19060,Pete Armstrong,Home Office,Orland Park,Illinois,Central,TEC-AC-10000844,Technology,Accessories,Logitech Gaming G510s Keyboard,339.96,5,0.2,67.992
111,CA-2017-146780,2017-12-25,2017-12-30,Standard Class,CV-12805,Cynthia Voltz,Corporate,New York City,New York,East,FUR-FU-10001934,Furniture,Furnishings,Magnifier Swing Arm Lamp,41.96,2,0.0,10.9096
112,CA-2016-128867,2016-11-03,2016-11-10,Standard Class,CL-12565,Clay Ludtke,Consumer,Urbandale,Iowa,Central,OFF-AR-10000380,Office Supplies,Art,Hunt PowerHouse Electric Pencil Sharpener Blue,75.96,2,0.0,22.788
113,CA-2016-128867,2016-11-03,2016-11-10,Standard Class,CL-12565,Clay Ludtke,Consumer,Urbandale,Iowa,Central,OFF-BI-10003981,Office Supplies,Binders,Avery Durable Plastic Binders,27.24,6,0.0,13.3476
114,CA-2014-115259,2014-08-25,2014-08-27,Second Class,RC-19960,Ryan Crowe,Consumer,Columbus,Ohio,East,OFF-FA-10000621,Office Supplies,Fasteners,OIC Colored Binder Clips Assorted Sizes,40.096,14,0.2,14.5348
115,CA-2014-115259,2014-08-25,2014-08-27,Second Class,RC-19960,Ryan Crowe,Consumer,Columbus,Ohio,East,OFF-EN-10002600,Office Supplies,Envelopes,Redi-Strip Number 10 Envelopes,4.72,2,0.2,1.652
116,CA-2014-115259,2014-08-25,2014-08-27,Second Class,RC-19960,Ryan Crowe,Consumer,Columbus,Ohio,East,OFF-PA-10004965,Office Supplies,Paper,Xerox 1921,23.976,3,0.2,7.4925
117,CA-2014-115259,2014-08-25,2014-08-27,Second Class,RC-19960,Ryan Crowe,Consumer,Columbus,Ohio,East,OFF-EN-10002504,Office Supplies,Envelopes,Tyvek Top-Opening Peel and Seel Envelopes,130.464,6,0.2,44.0316
118,CA-2015-110457,2015-03-02,2015-03-06,Standard Class,DK-13090,Dave Kipp,Consumer,Seattle,Washington,West,FUR-TA-10001768,Furniture,Tables,Hon Racetrack Conference Tables,787.53,3,0.0,165.3813
119,US-2015-136476,2015-04-05,2015-04-10,Standard Class,GG-14650,Greg Guthrie,Corporate,Bristol,Tennessee,South,OFF-BI-10003650,Office Supplies,Binders,GBC DocuBind 300 Electric Binding Machine,157.794,1,0.7,-115.7156
120,CA-2016-103730,2016-06-12,2016-06-15,First Class,SC-20725,Steven Cartwright,Consumer,Wilmington,Delaware,East,FUR-FU-10002157,Furniture,Furnishings,Artistic Insta-Plaque,47.04,3,0.0,18.3456
121,CA-2016-103730,2016-06-12,2016-06-15,First Class,SC-20725,Steven Cartwright,Consumer,Wilmington,Delaware,East,OFF-BI-10003910,Office Supplies,Binders,DXL Angle-View Binders with Locking Rings,30.84,4,0.0,13.878
122,CA-2016-103730,2016-06-12,2016-06-15,First Class,SC-20725,Steven Cartwright,Consumer,Wilmington,Delaware,East,OFF-ST-10000777,Office Supplies,Storage,Companion Letter Legal File Black,226.56,6,0.0,63.4368
123,CA-2016-103730,2016-06-12,2016-06-15,First Class,SC-20725,Steven Cartwright,Consumer,Wilmington,Delaware,East,OFF-EN-10002500,Office Supplies,Envelopes,Globe Weis Peel and Seel First Class Envelopes,115.02,9,0.0,51.759
124,CA-2016-103730,2016-06-12,2016-06-15,First Class,SC-20725,Steven Cartwright,Consumer,Wilmington,Delaware,East,TEC-PH-10003875,Technology,Phones,KLD Oscar II Style Snap-on Cover Case,68.04,7,0.0,19.7316
125,US-2014-152030,2014-12-26,2014-12-28,Second Class,AD-10180,Alan Dominguez,Home Office,Houston,Texas,Central,FUR-CH-10004063,Furniture,Chairs,Global Deluxe High-Back Managers Chair,600.558,3,0.3,-8.5794
126,US-2014-134614,2014-09-20,2014-09-25,Standard Class,PF-19165,Philip Fox,Consumer,Bloomington,Illinois,Central,FUR-TA-10004534,Furniture,Tables,Bevis 44 x 96 Conference Tables,617.7,6,0.5,-407.682
127,US-2017-107272,2017-11-05,2017-11-12,Standard Class,TS-21610,Troy Staebel,Consumer,Phoenix,Arizona,West,OFF-BI-10003274,Office Supplies,Binders,Avery Durable Slant Ring Binders,2.388,2,0.7,-1.8308
128,US-2017-107272,2017-11-05,2017-11-12,Standard Class,TS-21610,Troy Staebel,Consumer,Phoenix,Arizona,West,OFF-ST-10002974,Office Supplies,Storage,Trav-L-File Heavy-Duty Shuttle II Black,243.992,7,0.2,30.499
129,US-2016-125969,2016-11-06,2016-11-10,Second Class,LS-16975,Lindsay Shagiari,Home Office,Los Angeles,California,West,FUR-CH-10001146,Furniture,Chairs,Global Task Chair Black,81.424,2,0.2,-9.1602
130,US-2016-125969,2016-11-06,2016-11-10,Second Class,LS-16975,Lindsay Shagiari,Home Office,Los Angeles,California,West,FUR-FU-10003773,Furniture,Furnishings,Eldon Cleatmat Plus Chair Mats,238.56,3,0.0,26.2416
131,US-2017-164147,2017-02-02,2017-02-05,First Class,DW-13585,Dorothy Wardle,Corporate,Columbus,Ohio,East,TEC-PH-10002293,Technology,Phones,Anker 36W 4-Port USB Wall Charger,59.97,5,0.4,-11.994
132,US-2017-164147,2017-02-02,2017-02-05,First Class,DW-13585,Dorothy Wardle,Corporate,Columbus,Ohio,East,OFF-PA-10002377,Office Supplies,Paper,Xerox 1916,78.304,2,0.2,29.364
133,US-2017-164147,2017-02-02,2017-02-05,First Class,DW-13585,Dorothy Wardle,Corporate,Columbus,Ohio,East,OFF-FA-10002780,Office Supplies,Fasteners,Staples,21.456,9,0.2,6.9732
134,CA-2016-145583,2016-10-13,2016-10-19,Standard Class,LC-16885,Lena Creighton,Consumer,Roseville,California,West,OFF-PA-10001804,Office Supplies,Paper,Xerox 195,20.04,3,0.0,9.6192
135,CA-2016-145583,2016-10-13,2016-10-19,Standard Class,LC-16885,Lena Creighton,Consumer,Roseville,California,West,OFF-PA-10001736,Office Supplies,Paper,Xerox 1880,35.44,1,0.0,16.6568
136,CA-2016-145583,2016-10-13,2016-10-19,Standard Class,LC-16885,Lena Creighton,Consumer,Roseville,California,West,OFF-AR-10001149,Office Supplies,Art,Sanford Colorific Colored Pencils 12 Box,11.52,4,0.0,3.456
137,CA-2016-145583,2016-10-13,2016-10-19,Standard Class,LC-16885,Lena Creighton,Consumer,Roseville,California,West,OFF-FA-10002988,Office Supplies,Fasteners,Ideal Clamps,4.02,2,0.0,1.9698
138,CA-2016-145583,2016-10-13,2016-10-19,Standard Class,LC-16885,Lena Creighton,Consumer,Roseville,California,West,OFF-BI-10004781,Office Supplies,Binders,GBC Wire Binding Strips,76.176,3,0.2,26.6616
139,CA-2016-145583,2016-10-13,2016-10-19,Standard Class,LC-16885,Lena Creighton,Consumer,Roseville,California,West,OFF-SU-10001218,Office Supplies,Supplies,Fiskars Softgrip Scissors,65.88,6,0.0,18.4464
140,CA-2016-145583,2016-10-13,2016-10-19,Standard Class,LC-16885,Lena Creighton,Consumer,Roseville,California,West,FUR-FU-10001706,Furniture,Furnishings,Longer-Life Soft White Bulbs,43.12,14,0.0,20.6976
141,CA-2016-110366,2016-09-05,2016-09-07,Second Class,JD-15895,Jonathan Doherty,Corporate,Philadelphia,Pennsylvania,East,FUR-FU-10004848,Furniture,Furnishings,Howard Miller Brushed Chrome Round Wall Clock,82.8,2,0.2,10.35
142,CA-2017-106180,2017-09-18,2017-09-23,Standard Class,SH-19975,Sally Hughsby,Corporate,San Francisco,California,West,OFF-AR-10000940,Office Supplies,Art,Newell 343,8.82,3,0.0,2.3814
143,CA-2017-106180,2017-09-18,2017-09-23,Standard Class,SH-19975,Sally Hughsby,Corporate,San Francisco,California,West,OFF-EN-10004030,Office Supplies,Envelopes,Convenience Packs of Business Envelopes,10.86,3,0.0,5.1042
144,CA-2017-106180,2017-09-18,2017-09-23,Standard Class,SH-19975,Sally Hughsby,Corporate,San Francisco,California,West,OFF-PA-10004327,Office Supplies,Paper,Xerox 1911,143.7,3,0.0,68.976
145,CA-2017-155376,2017-12-22,2017-12-27,Standard Class,SG-20080,Sandra Glassco,Consumer,Independence,Missouri,Central,OFF-AP-10001058,Office Supplies,Appliances,Sanyo Mid-Size Office Refrigerators,839.43,3,0.0,218.2518
146,CA-2015-110744,2015-09-07,2015-09-12,Standard Class,HA-14920,Helen Andreada,Consumer,Pasadena,California,West,OFF-ST-10003656,Office Supplies,Storage,Safco Industrial Wire Shelving,671.93,7,0.0,20.1579
147,CA-2014-110072,2014-10-22,2014-10-28,Standard Class,MG-17680,Maureen Gastineau,Home Office,Newark,Ohio,East,FUR-FU-10000521,Furniture,Furnishings,Seth Thomas Putty-Colored Wall Clock,93.888,4,0.2,12.9096
148,CA-2016-114489,2016-12-05,2016-12-09,Standard Class,JE-16165,Justin Ellison,Corporate,Franklin,Wisconsin,Central,TEC-PH-10000215,Technology,Phones,Plantronics Cordless Phone Headset,384.45,11,0.0,103.8015
149,CA-2016-114489,2016-12-05,2016-12-09,Standard Class,JE-16165,Justin Ellison,Corporate,Franklin,Wisconsin,Central,TEC-PH-10001448,Technology,Phones,Anker Astro 15000mAh USB Portable Charger,149.97,3,0.0,5.9988
150,CA-2016-114489,2016-12-05,2016-12-09,Standard Class,JE-16165,Justin Ellison,Corporate,Franklin,Wisconsin,Central,FUR-CH-10000454,Furniture,Chairs,Hon Deluxe Fabric Upholstered Stacking Chairs,1951.84,8,0.0,585.552
151,CA-2016-114489,2016-12-05,2016-12-09,Standard Class,JE-16165,Justin Ellison,Corporate,Franklin,Wisconsin,Central,OFF-BI-10002735,Office Supplies,Binders,GBC Prestige Therm-A-Bind Covers,171.55,5,0.0,80.6285
152,CA-2016-158834,2016-03-13,2016-03-16,First Class,TW-21025,Tamara Willingham,Home Office,Scottsdale,Arizona,West,OFF-AP-10000326,Office Supplies,Appliances,Belkin 7 Outlet SurgeMaster Surge Protector,157.92,5,0.2,17.766
153,CA-2016-158834,2016-03-13,2016-03-16,First Class,TW-21025,Tamara Willingham,Home Office,Scottsdale,Arizona,West,TEC-PH-10001254,Technology,Phones,Jabra BIZ 2300 Duo QD Corded Headset,203.184,2,0.2,15.2388
154,CA-2015-124919,2015-05-31,2015-06-02,First Class,SP-20650,Stephanie Phelps,Corporate,San Jose,California,West,OFF-PA-10001950,Office Supplies,Paper,Southworth Cotton Antique Laid Paper,58.38,7,0.0,26.271
155,CA-2015-124919,2015-05-31,2015-06-02,First Class,SP-20650,Stephanie Phelps,Corporate,San Jose,California,West,OFF-PA-10002254,Office Supplies,Paper,Xerox 1883,105.52,4,0.0,48.5392
156,CA-2015-124919,2015-05-31,2015-06-02,First Class,SP-20650,Stephanie Phelps,Corporate,San Jose,California,West,OFF-ST-10001590,Office Supplies,Storage,Tenex Personal Project File Black,80.88,6,0.0,21.0288
157,CA-2015-118948,2015-05-28,2015-06-03,Standard Class,NK-18490,Neil Knudson,Home Office,Seattle,Washington,West,OFF-AR-10001547,Office Supplies,Art,Newell 311,6.63,3,0.0,1.7901
158,CA-2014-104269,2014-03-01,2014-03-06,Second Class,DB-13060,Dave Brooks,Consumer,Seattle,Washington,West,FUR-CH-10004063,Furniture,Chairs,Global Deluxe High-Back Managers Chair,457.568,2,0.2,51.4764
159,CA-2016-114104,2016-11-20,2016-11-24,Standard Class,NP-18670,Nora Paige,Consumer,Edmond,Oklahoma,Central,OFF-LA-10002475,Office Supplies,Labels,Avery 519,14.62,2,0.0,6.8714
160,CA-2016-114104,2016-11-20,2016-11-24,Standard Class,NP-18670,Nora Paige,Consumer,Edmond,Oklahoma,Central,TEC-PH-10004536,Technology,Phones,Avaya 5420 Digital phone,944.93,7,0.0,236.2325
161,CA-2016-162733,2016-05-11,2016-05-12,First Class,TT-21070,Ted Trevino,Consumer,Los Angeles,California,West,OFF-PA-10002751,Office Supplies,Paper,Xerox 1920,5.98,1,0.0,2.691
162,CA-2015-119697,2015-12-28,2015-12-31,Second Class,EM-13960,Eric Murdock,Consumer,Philadelphia,Pennsylvania,East,TEC-AC-10003657,Technology,Accessories,Lenovo 17-Key USB Numeric Keypad,54.384,2,0.2,1.3596
163,CA-2016-154508,2016-11-16,2016-11-20,Standard Class,RD-19900,Ruben Dartt,Consumer,Carlsbad,New Mexico,West,OFF-EN-10001990,Office Supplies,Envelopes,Staple envelope,28.4,5,0.0,13.348
164,CA-2016-113817,2016-11-07,2016-11-11,Standard Class,MJ-17740,Max Jones,Consumer,Seattle,Washington,West,OFF-BI-10004002,Office Supplies,Binders,Wilson Jones International Size A4 Ring Binders,27.68,2,0.2,9.688
165,CA-2014-139892,2014-09-08,2014-09-12,Standard Class,BM-11140,Becky Martin,Consumer,San Antonio,Texas,Central,OFF-AR-10004441,Office Supplies,Art,BIC Brite Liner Highlighters,9.936,3,0.2,2.7324
166,CA-2014-139892,2014-09-08,2014-09-12,Standard Class,BM-11140,Becky Martin,Consumer,San Antonio,Texas,Central,TEC-MA-10000822,Technology,Machines,Lexmark MX611dhe Monochrome Laser Printer,8159.952,8,0.4,-1359.992
167,CA-2014-139892,2014-09-08,2014-09-12,Standard Class,BM-11140,Becky Martin,Consumer,San Antonio,Texas,Central,OFF-ST-10000991,Office Supplies,Storage,Space Solutions HD Industrial Steel Shelving,275.928,3,0.2,-58.6347
168,CA-2014-139892,2014-09-08,2014-09-12,Standard Class,BM-11140,Becky Martin,Consumer,San Antonio,Texas,Central,FUR-CH-10004287,Furniture,Chairs,SAFCO Arco Folding Chair,1740.06,9,0.3,-24.858
169,CA-2014-139892,2014-09-08,2014-09-12,Standard Class,BM-11140,Becky Martin,Consumer,San Antonio,Texas,Central,OFF-AR-10002656,Office Supplies,Art,Sanford Liquid Accent Highlighters,32.064,6,0.2,6.8136
170,CA-2014-139892,2014-09-08,2014-09-12,Standard Class,BM-11140,Becky Martin,Consumer,San Antonio,Texas,Central,OFF-AP-10002518,Office Supplies,Appliances,Kensington 7 Outlet MasterPiece Power Center,177.98,5,0.8,-453.849
171,CA-2014-139892,2014-09-08,2014-09-12,Standard Class,BM-11140,Becky Martin,Consumer,San Antonio,Texas,Central,TEC-PH-10003931,Technology,Phones,JBL Micro Wireless Portable Bluetooth Speaker,143.976,3,0.2,8.9985
172,CA-2014-118962,2014-08-05,2014-08-09,Standard Class,CS-12130,Chad Sievert,Consumer,Los Angeles,California,West,OFF-PA-10000659,Office Supplies,Paper,Adams Phone Message Book Professional,20.94,3,0.0,9.8418
173,CA-2014-118962,2014-08-05,2014-08-09,Standard Class,CS-12130,Chad Sievert,Consumer,Los Angeles,California,West,OFF-PA-10001144,Office Supplies,Paper,Xerox 1913,110.96,2,0.0,53.2608
174,CA-2014-118962,2014-08-05,2014-08-09,Standard Class,CS-12130,Chad Sievert,Consumer,Los Angeles,California,West,FUR-CH-10003817,Furniture,Chairs,Global Value Steno Chair Gray,340.144,7,0.2,21.259
175,US-2014-100853,2014-09-14,2014-09-19,Standard Class,JB-15400,Jennifer Braxton,Corporate,Chicago,Illinois,Central,OFF-AP-10000891,Office Supplies,Appliances,Kensington MasterPiece Power Control Center,52.448,2,0.8,-131.12
176,US-2014-100853,2014-09-14,2014-09-19,Standard Class,JB-15400,Jennifer Braxton,Corporate,Chicago,Illinois,Central,OFF-LA-10003148,Office Supplies,Labels,Avery 51,20.16,4,0.2,6.552
177,US-2017-152366,2017-04-21,2017-04-25,Second Class,SJ-20500,Shirley Jackson,Consumer,Houston,Texas,Central,OFF-AP-10002684,Office Supplies,Appliances,Acco 7-Outlet Masterpiece Power Center,97.264,4,0.8,-243.16
178,US-2015-101511,2015-11-21,2015-11-23,Second Class,JE-15745,Joel Eaton,Consumer,Newark,Ohio,East,FUR-CH-10004698,Furniture,Chairs,Padded Folding Chairs Black 4 Carton,396.802,7,0.3,-11.3372
179,US-2015-101511,2015-11-21,2015-11-23,Second Class,JE-15745,Joel Eaton,Consumer,Newark,Ohio,East,OFF-SU-10002189,Office Supplies,Supplies,Acme Rosewood Handle Letter Opener,15.88,5,0.2,-3.7715
180,CA-2015-137225,2015-12-15,2015-12-19,Standard Class,JK-15640,Jim Kriz,Home Office,New York City,New York,East,OFF-AR-10001940,Office Supplies,Art,Sanford Colorific Eraseable Coloring Pencils,3.28,1,0.0,1.4104